fund_ein,manager_ein,manager_name,fee_paid
834225264,710294708,VOYA RETIREMENT INSURANCE & ANNUITY,40714.0
834225264,352552359,KESTRA ADVISORY SERVICES LLC,0.0
200055506,383269858,PROBUS TECHNICAL SERVICES INC,4000.0
200055506,383269858,PROBUS TECHNICAL SERVICES INC,4000.0
473061484,471371230,RALSTON DEVELOPMENT INC,5000.0
200849843,390989781,TRANSAMERICA LIFE INSURANCE COMPANY,15137.0
200849843,770155091,HICKS PENSION SERVICES,14700.0
232362216,231294723,HIGHMARK BLUE SHIELD (CENTRAL),32272.0
232362216,232399040,COMMONWEALTH BENEFITS GROUP,17190.0
232362216,231315351,THE BENECON GROUP,14220.0
232362216,261768616,CONNECTCARE3,2971.0
232362216,231294723,HIGHMARK BLUE SHIELD (CENTRAL),28808.0
232362216,232399040,COMMONWEALTH BENEFITS GROUP,17910.0
232362216,231315351,THE BENECON GROUP,9950.0
232362216,261768616,CONNECTCARE3,2717.0
232362216,231294723,HIGHMARK BLUE SHIELD (CENTRAL),30486.0
232362216,232399040,COMMONWEALTH BENEFITS GROUP,18570.0
232362216,231315351,THE BENECON GROUP,10541.0
232362216,261768616,CONNECTCARE3,2909.0
232362216,231294723,HIGHMARK BLUE SHIELD (CENTRAL),33983.0
232362216,232399040,COMMONWEALTH BENEFITS GROUP,20700.0
232362216,231315351,THE BENECON GROUP,12124.0
232362216,261768616,CONNECTCARE3,3347.0
232362216,232399040,COMMONWEALTH BENEFITS GROUP,19631.0
232362216,230455154,CAPITAL BLUECROSS,19276.0
232362216,231315351,THE BENECON GROUP,12077.0
232362216,261768616,CONNECTCARE3,3510.0
232362216,231294723,HIGHMARK BLUE SHIELD (CENTRAL),3131.0
232362216,230455154,CAPITAL BLUECROSS,23128.0
232362216,232399040,COMMONWEALTH BENEFITS GROUP,22680.0
232362216,231315351,THE BENECON GROUP,14780.0
232362216,261768616,CONNECTCARE3,3780.0
232362216,232399040,COMMONWEALTH BENEFITS GROUP,21210.0
232362216,230455154,CAPITAL BLUECROSS,19774.0
232362216,231315351,THE BENECON GROUP,13180.0
232362216,261768616,CONNECTCARE3,3606.0
232362216,232399040,COMMONWEALTH BENEFITS GROUP,20940.0
232362216,230455154,CAPITAL BLUECROSS,16050.0
232362216,231315351,THE BENECON GROUP,13163.0
232362216,261768616,CONNECTCARE3,3560.0
232362216,232399040,COMMONWEALTH BENEFITS GROUP,18090.0
232362216,231315351,THE BENECON GROUP,11643.0
232362216,230455154,CAPITAL BLUECROSS,3584.0
330326013,273188744,SOLTIS INVESTMENT ADVISORS,15148.0
330326013,870364490,ALLIANCE BENEFIT GROUP ROCKY MOUNTA,0.0
330326013,592742314,BERKOWITZ POLLACK BRANT ADVISORS,0.0
330326013,840467907,GWFS EQUITIES INC,0.0
330326013,273188744,SOLTIS INVESTMENT ADVISORS,16478.0
330326013,870364490,ALLIANCE BENEFIT GROUP ROCKY MOUNTA,2058.0
330326013,840532243,"ADVISED ASSETS GROUP, LLC",777.0
330326013,840467907,GWFS EQUITIES INC,20.0
330326013,592742314,BERKOWITZ POLLACK BRANT ADVISORS,0.0
330326013,273188744,SOLTIS INVESTMENT ADVISORS,20992.0
330326013,870364490,ALLIANCE BENEFIT GROUP ROCKY MOUNTA,4763.0
330326013,592742314,BERKOWITZ POLLACK BRANT ADVISORS,0.0
330326013,840467907,GWFS EQUITIES INC,0.0
330326013,592742314,BERKOWITZ POLLACK BRANT ADVISORS,52416.0
330326013,273188744,SOLTIS INVESTMENT ADVISORS,22858.0
330326013,870364490,ALLIANCE BENEFIT GROUP ROCKY MOUNTA,7650.0
330326013,840467907,GWFS EQUITIES INC,125.0
330326013,273188744,SOLTIS INVESTMENT ADVISORS,22179.0
330326013,870364490,ALLIANCE BENEFIT GROUP ROCKY MOUNTA,1100.0
330326013,840467907,GWFS EQUITIES INC,95.0
330326013,840467907,GWFS EQUITIES INC,0.0
232362216,261768616,CONNECTCARE3,3136.0
510467698,231315351,"THE BENECON GROUP, LLC",44787.0
510467698,230455154,CAPITAL BLUECROSS,-9970.0
830184377,392044064,EMPLOYEE BENEFITS CORPORATION,9656.0
821459401,42647786,FIDELITY INVESTMENTS INSTITUTIONAL,838.0
561837872,336134835,PENCHECKS TRUST COMPANY OF AMERICA,14275.0
561837872,540504608,BROWN EDWARDS AND COMPANY,0.0
132742395,420127290,PRINCIPAL LIFE INSURANCE COMPANY,30109.0
132742395,871363769,EISNERAMPER LLP,5079.0
132742395,364317381,MORNINGSTAR INVESTMENT MANAGEMENT L,0.0
741951016,390230590,CMFG LIFE INSURANCE COMPANY,34634.0
741951016,420388260,"MEMBERS CAPITAL ADVISORS, INC.",8215.0
263892463,231315351,"THE BENECON GROUP, LLC",1632.0
263892463,161264154,"MERITAIN HEALTH, AN AETNA COMPANY",893.0
263892463,811938789,INNOVU,109.0
42105911,994929575,VENNING & COMPANY LLC,10775.0
111992329,231315351,"THE BENECON GROUP, LLC",13662.0
111992329,230455154,CAPITAL BLUE CROSS,4230.0
111992329,261768616,CONNECTCARE 3,3678.0
453545468,262824668,"WESPAC PLAN SERVICES, LLC",97500.0
453545468,262824865,"WESPAC ADVISORS, LLC",0.0
680121468,710294708,VOYA RETIREMENT INSURANCE & ANNUITY,124600.0
680121468,844519624,"CREATIVE PLANNING HOLD CO, LLC",2174.0
270371488,710294708,VOYA RETIREMENT INSURANCE & ANNUITY,63600.0
800331414,470098400,AMERITAS LIFE INSURANCE CORP.,10365.0
521563984,42647786,FIDELITY INVESTMENTS INSTITUTIONAL,13745.0
200008018,391995276,UMR,307477.0
200008018,311191330,"MCGOHAN BRABENDER, INC.",7615.0
453162889,474307706,HUMAN INTEREST ADVISOR LLC,6250.0
208175031,41590850,MASSACHUSETTS MUTUAL LIFE INSURANCE,1678.0
208175031,510116113,MORGAN STANLEY,488.0
208175031,134144565,THE BENEFIT PRACTICE,150.0
208175031,840467907,GREAT-WEST LIFE & ANNUITY INSURANCE,3654.0
208175031,134144565,THE BENEFIT PRACTICE,2164.0
251792083,251784573,PCI (PA CHAMBER INSURANCE),11484.0
251792083,231315351,"THE BENECON GROUP, LLC",7028.0
251792083,230455154,CAPITAL BLUECROSS,2088.0
251792083,261768616,CONNECTCARE3,1861.0
431558268,350145825,AMERICAN UNITED LIFE INSURANCE CO,4324.0
431558268,350145825,AMERICAN UNITED LIFE INSURANCE CO,6593.0
463485489,420127290,PRINCIPAL LIFE INSURANCE COMPANY,14181.0
463485489,742794194,KESTRA INVESTMENT SERVICES LLC,0.0
460455105,453834091,"ALTERNATIVE INVESTMENT ADVISORS, LL",8271.0
204353669,731399273,ACCESS FINANCIAL RESOURCES,10772.0
204353669,223319984,ADP BROKER-DEALER,0.0
473372642,133689044,TRANSAMERICA RETIREMENT SOLUTIONS,5660.0
870575504,231315351,THE BENECON GROUP,49539.0
540698135,133689044,TRANSAMERICA RETIREMENT SOLUTIONS,15299.0
540698135,43523567,NATIONAL FINANCIAL SERVICES,0.0
540698135,251409618,MID ATLANTIC CAPITAL CORPORATION,0.0
540698135,844519624,CREATIVE PLANNING,13943.0
310536640,131624203,TIAA,1492.0
464907386,351140070,LINCOLN NATIONAL CORPORATION,1738.0
201292646,900345133,UNDERWRITERS SERVICE CORPORATION,39730.0
201292646,363545085,HINES & ASSOCIATES,13389.0
201292646,340648820,MMO,39069.0
752875180,42647786,FIDELITY INVESTMENTS INSTITUTIONAL,35784.0
752875180,42654524,"STRATEGIC ADVISORS, INC.",12161.0
208250290,420127290,PRINCIPAL LIFE INSURANCE COMPANY,8551.0
208250290,160765486,LUMSDEN MCCORMICK LLP,7793.0
453810227,135674085,"MERRILL LYNCH, PIERCE, FENNER AND S",128150.0
561268414,561167792,"CORPORATE BENEFITS SERVICE, INC.",35766.0
561268414,251912027,CULPEPPER DEVEREAUX,29492.0
850892816,42647786,FIDELITY INVESTMENTS INSTITUTIONAL,6002.0
471137623,150329043,EXCELLUS BLUE CROSS BLUE SHIELD,18778.0
30593691,620951563,AMERICAN TRUST COMPANY,8701.0
30593691,131459550,MAZARS USA LLP,0.0
232063262,231315351,THE BENECON GROUP,15886.0
232063262,233086396,"E. K. MCCONKEY & CO., INC.",4428.0
542002267,274411131,"NEWPORT GROUP, INC.",55103.0
542002267,251031405,MCGILL POWER BELL ASSOCIATES LLP,12500.0
521665523,650608221,SLAVIC INTEGRATED ADMINISTRATION,190119.0
232220475,231315351,"THE BENECON GROUP, LLC",2640.0
232220475,231605938,"STRICKLER AGENCY, INC.",2191.0
112593090,840467907,GREAT-WEST LIFE & ANNUITY INSURANCE,54308.0
112593090,363120284,GENWORTH FINANCIAL SEC CORP,0.0
133063500,753182674,MATRIX TRUST COMPANY LLC,11885.0
133063500,311360674,PENSION CORPORATION OF AMERICA,7555.0
133063500,431270780,CREATIVE PLANNING LLC,1190.0
813881290,264311657,LEAFHOUSE FINANCIAL ADVISORS LLC,152410.0
813881290,42647786,FIDELITY INVESTMENTS INSTITUTIONAL,95421.0
813881290,264311657,LEAFHOUSE FINANCIAL ADVISORS LLC,148959.0
813881290,42647786,FIDELITY INVESTMENTS INSTITUTIONAL,108177.0
521665523,592749576,SLAVIC MUTUAL FUND MANAGEMENT CORP,46808.0
932392556,310841368,U.S. BANK NATIONAL ASSOCIATION,114261.0
932392556,991856619,GRANT THORNTON ADVISORS LLC,24897.0
932392556,366055558,GRANT THORNTON LLP,23850.0
910462347,911008626,A.W. REHN & ASSOCIATES,12034.0
811753373,421484983,"ADMIN GROUP, LLC DBA TAG RESURCES",685.0
811753373,366071399,TRANSAMERICA FINANCIAL LIFE INS CO,608.0
680482464,366071399,TRANSAMERICA FINANCIAL LIFE INSURAN,27192.0
208758429,133036745,"ADP, INC.",1908.0
131893923,941687665,BANK OF AMERICA,4400.0
951642398,364001764,"FIDUCIENT ADVISORS, LLC",7094.0
951642398,131624203,TIAA,6607.0
231341694,231669823,CONRAD SIEGEL,79510.0
231341694,233037647,FULTON FINANCIAL ADVISORS,24206.0
352257489,420127290,PRINCIPAL LIFE INSURANCE COMPANY,10706.0
383793128,530181291,"WILLIS TOWERS WATSON US, LLC",66021.0
383793128,510099493,PRINCIPAL,22107.0
42104149,471411118,GLOBAL RETIREMENT PARTNERS,9561.0
42104149,42530412,THE ANGELL PENSION GROUP,9045.0
923046645,420127290,PRINCIPAL LIFE INSURANCE COMPANY,
923046645,364317381,MORNINGSTAR INVESTMENT MANAGEMENT L,
923046645,952755361,WILLSHIRE ADVISORS LLC,
911151039,231945930,"THE VANGUARD GROUP, INC.",7902.0
581640184,710294708,VOYA RETIREMENT INSURANCE & ANNUITY,0.0
60646520,334144829,COHNREZNICK LLP,23362.0
60646520,813968784,CBIZ BENEFITS & INSURANCE SERVICES,6000.0
200049637,351140070,LINCOLN NATIONAL CORPORATION,3888.0
760475815,420127290,PRINCIPAL LIFE INSURANCE COMPANY,1276.0
161529616,813062212,VESTWELL HOLDINGS INC.,46596.0
470899588,824555287,"RAYMOND JAMES & ASSOCIATES, INC.",17723.0
470899588,824555287,CAPITAL GROUP RETIREMENT PLAN SVCS.,11329.0
232687798,231315351,THE BENECON GROUP,42135.0
232687798,230558310,"ENGLE-HAMBRIGHT & DAVIES, INC. (EHD",22414.0
432114621,620951563,AMERICAN TRUST COMPANY,99328.0
432114621,582449984,"GBA RETIREMENT SERVICES, INC.",8056.0
571192153,231945930,"THE VANGUARD GROUP, INC.",46544.0
752627778,113665754,ASCENSUS LLC,9147.0
270242450,10233346,JOHN HANCOCK USA,9297.0
473372642,133689044,TRANSAMERICA RETIREMENT SOLUTIONS,24151.0
911854749,133689044,TRANSAMERICA RETIREMENT SOLUTIONS,11324.0
911854749,132638166,"UBS FINANCIAL SERVICES, INC.",22616.0
521811971,133689044,TRANSAMERICA RETIREMENT SOLUTIONS,104195.0
521811971,43523567,NATIONAL FINANCIAL SERVICES,0.0
521811971,202153727,SB & COMPANY LLC,24760.0
521811971,208874282,LOCKTON INVESTMENT ADVISORS LLC,6025.0
521341890,133689044,TRANSAMERICA RETIREMENT SOLUTIONS,12321.0
521341890,43523567,NATIONAL FINANCIAL SERVICES,0.0
521341890,202153727,SB & COMPANY LLC,11175.0
520591656,133689044,TRANSAMERICA RETIREMENT SOLUTIONS,57860.0
520591656,43523567,NATIONAL FINANCIAL SERVICES,0.0
521250028,133689044,TRANSAMERICA RETIREMENT SOLUTIONS,9470.0
521250028,43523567,NATIONAL FINANCIAL SERVICES,0.0
521250028,202153727,"SB & COMPANY, LLC",11213.0
521250028,208874282,LOCKTON INVESTMENT ADVISORS LLC,374.0
741695800,231945930,"THE VANGUARD GROUP, INC.",0.0
741695800,823719843,FUTUREPLAN BY ASCENSUS,0.0
473372642,133689044,TRANSAMERICA RETIREMENT SOLUTIONS,28033.0
473372642,133689044,TRANSAMERICA RETIREMENT SOLUTIONS,23292.0
473372642,133689044,TRANSAMERICA RETIREMENT SOLUTIONS,24358.0
731602134,430345811,EDWARD JONES,22765.0
731602134,133036745,"ADP, INC.",7804.0
731602134,430345811,EDWARD JONES,38737.0
731602134,133036745,"ADP, INC.",8190.0
314159950,420127290,PRINCIPAL LIFE INSURANCE COMPANY,36737.0
314159950,364317381,MORNINGSTAR INVESTMENT MANAGEMENT L,0.0
731602134,430345811,EDWARD JONES,40960.0
731602134,133036745,"ADP, INC.",9280.0
640522665,640831650,FINANCIAL CONCEPTS,6613.0
640522665,824555287,CAPITAL GROUP RETIREMENT SERVICES,875.0
205702117,420127290,PRINCIPAL LIFE INSURANCE COMPANY,29034.0
132621497,42647786,FIDELITY INVESTMENTS,920.0
581984495,42647786,FIDELITY INVESTMENTS INSTITUTIONAL,6491.0
581984495,582161308,"MCGRIFF, SEIBELS & WILLIAMS",1703.0
231695529,231315351,"BENECON GROUP, LLC",35021.0
231695529,510467698,BSI CORPORATE BENEFITS,24534.0
231695529,43705970,HY HOLDINGS INC,3129.0
231695529,811938789,INNOVU,1845.0
231695529,230455154,CAPITAL BLUECROSS,-13020.0
920864736,455492167,CAPITAL ADVANTAGE ASSURANCE COMPANY,-282196.0
841113245,591031071,CIGNA,21387.0
455240671,420127290,PRINCIPAL LIFE INSURANCE COMPANY,86212.0
455240671,230731260,JANNEY MONTGOMERY SCOTT LLC,0.0
232510674,231315351,THE BENECON GROUP,103907.0
232510674,561623293,MCGRIFF INSURANCE SERVICES,33250.0
581250243,561449504,"HEALTHGRAM, INC.",442435.0
581250243,201489174,"TURNER, WOOD & SMITH",190880.0
581250243,591031071,CIGNA HEALTH AND LIFE INSURANCE COM,79413.0
581250243,582131807,HEALTH PARTNERS NETWORK LLC,25882.0
581250243,208981027,CAREOPERATIVE RECEIVABLES- HC,21353.0
581250243,474591265,HEALTHGRAM- TELADOCINC,11000.0
251851827,231315351,"THE BENECON GROUP, LLC",32631.0
251851827,230455154,CAPITAL BLUECROSS,25421.0
251851827,561623293,MCGRIFF INSURANCE SERVICES (FORMERL,13692.0
251851827,861279290,"REVIVEHEALTH, INC.",6344.0
360756300,341479833,SCHWAB RETIREMENT PLAN SERVICES,59150.0
360756300,411533211,COLUMBIA ASSET MANAGEMENT,14215.0
360756300,941687665,BANK OF AMERICA,6810.0
360756300,135674085,MERRILL LYNCH PIERCE FENNER & SMITH,4251.0
43481758,42647786,FIDELITY INVESTMENTS INSTITUTIONAL,19772.0
43481758,364291971,GALLAGHER FIDUCIARY ADVISORS LLC,6427.0
362448028,366064763,FIRST MIDWEST BANK,10865.0
465174246,133036745,"ADP, INC.",914.0
251792083,251784573,PCI INSURANCE AGENCY,11460.0
251792083,230455154,CAPITAL BLUE CROSS,7846.0
251792083,231315351,THE BENECON GROUP,6876.0
251792083,261768616,CONNECTCARE 3,1910.0
251792083,251784573,PCI INSURANCE AGENCY,10872.0
251792083,231315351,"THE BENECON GROUP, LLC",6418.0
251792083,230455154,CAPITAL BLUE CROSS,5939.0
251792083,261768616,CONNECTCARE 3,1690.0
251792083,251784573,PCI INSURANCE AGENCY,10791.0
251792083,230455154,CAPITAL BLUE CROSS,7637.0
251792083,231315351,"THE BENECON GROUP, LLC",6395.0
251792083,261768616,CONNECTCARE 3,1698.0
251792083,251784573,PCI INSURANCE AGENCY,10143.0
251792083,231315351,"THE BENECON GROUP, LLC",5950.0
251792083,230455154,CAPITAL BLUE CROSS,2308.0
251792083,261768616,CONNECTCARE3,1617.0
412168248,10233346,JOHN HANCOCK LIFE INSURANCE COMPANY,0.0
436216677,431122456,NOVAK BIRKS PC,6021.0
251659394,231315351,THE BENECON GROUP,21610.0
251659394,251784573,PCI (PA CHAMBER INSURANCE),7887.0
560754594,10233346,JOHN HANCOCK,364891.0
560754594,430345811,"EDWARD D. JONES & CO., L.P.",53594.0
560754594,43046611,LPL HOLDINGS INC,36514.0
854341178,621874769,"ADMIN. GROUP, LLC DBA TAG RESOURCES",980.0
854341178,366071399,TRANSAMERICA FIN. LIFE INS. COMPANY,442.0
854341178,366071399,TRANSAMERICA FIN. LIFE INS. COMPANY,6351.0
854341178,621874769,"ADMIN. GROUP, LLC DBA TAG RESOURCES",5760.0
474222697,231315351,THE BENECON GROUP,1142.0
474222697,161264154,"MERITAIN HEALTH, AN AETNA COMPANY",-507.0
454826718,611607607,LT TRUST COMPANY,6999.0
521447069,131624203,TIAA,54670.0
521447069,561981693,VERITY ASSET MANAGEMENT,3355.0
521447069,131624203,TIAA,58876.0
521447069,131624203,TIAA,52129.0
260071475,42675571,COMMONWEALTH FINANCIAL NETWORK,26320.0
260071475,42647786,FIDELITY INVESTMENTS INSTITUTIONAL,3634.0
521447069,131624203,TIAA,42017.0
810887998,362235791,"AON CONSULTING, INC.",138699.0
810887998,272436452,AON HEWITT INVESTMENT CONSULTANTS,71888.0
810887998,135160382,THE BANK OF NEW YORK MELLON,71857.0
810887998,530181291,WILLIS TOWERS WATSON US LLC,33100.0
810887998,814017137,STATE STREET GLOBAL ADVISORS,6075.0
825260016,366071399,TRANSAMERICA FINANCIAL LIFE INS,5714.0
825260016,421484983,"ADMIN GROUP, LLC DBA TAG RESOURCES",4989.0
260071475,362746886,CRAY KAISER,40200.0
260071475,42675571,COMMONWEALTH FINANCIAL NETWORK,23772.0
260071475,42647786,FIDELITY INVESTMENTS INSTITUTIONAL,6247.0
310646123,231315351,THE BENECON GROUP,31415.0
310646123,161264154,"MERITAIN HEALTH, AN AETNA COMPANY",5793.0
452687695,366071399,TRANSAMERICA FINANCIAL LIFE INS CO,2846.0
452687695,454813650,3(16) FIDUCIARY SERVICES CORP,1525.0
472402229,133036745,"ADP, INC.",2739.0
820538459,231315351,"THE BENECON GROUP, LLC",4369.0
820538459,230455154,CAPITAL BLUECROSS,-3420.0
261441129,833455979,"AT RETIREMENT SERVICES, LLC",6332.0
431118328,611740806,MARINER RETIREMENT ADVISORS,0.0
431118328,710294708,VOYA RETIREMENT INSURANCE & ANNUNIT,1917.0
431118328,364317381,INVESTMENT ADVISORY,172.0
411892770,133036745,"ADP, INC.",13809.0
411892770,462725880,CK FINANCIAL LLC,7293.0
411892770,223319984,ADP BROKER-DEALER,0.0
462819181,542000731,"SIMA BENEFITS CONSULTING GROUP, LLC",34860.0
462819181,231315351,THE BENECON GROUP,21834.0
462819181,161264154,MERITAIN HEALTH,10632.0
462819181,261768616,CONNECTCARE3,6159.0
270026665,208874282,LOCKTON INVESTMENT ADVISORS,0.0
381067560,420127290,PRINCIPAL LIFE INSURANCE COMPANY,8833.0
263757892,10233346,JOHN HANCOCK LIFE INSURANCE CO (USA,270.0
821663150,350145825,AMERICAN UNITED LIFE INSURANCE CO,1460.0
860194009,411289245,"UNITED HEALTHCARE SERVICES, INC.",97749.0
860194009,311582098,CBIZ BENEFITS & INSURANCE SERVICES,31573.0
20478308,465055797,SETAWAY LLC,9880.0
20478308,42647786,FIDELITY INVESTMENTS INSTITUTIONAL,4855.0
20478308,42654524,"STRATEGIC ADVISORS, INC.",6579.0
20478308,42647786,GLOBAL RETIREMENT PARTNERS LLC,15000.0
20478308,30327374,MCSOLEY MCCOY & CO.,9101.0
541189694,133036745,"ADP, INC.",23331.0
541189694,352552359,KESTRA ADVISORY SERVICES,14588.0
541189694,223319984,ADP BROKER-DEALER,0.0
541189694,133036745,"ADP, INC.",28619.0
541189694,352552359,KESTRA ADVISORY SERVICES,15632.0
541189694,223319984,ADP BROKER-DEALER,0.0
472467773,231945930,"THE VANGUARD GROUP, INC.",10459.0
223337602,133036745,"ADP, LLC",6941.0
850106941,42647786,FID INV INST OPS CO,34568.0
850106941,741625348,AIG RETIREMENT SERVICES,0.0
956419205,350472300,LINCOLN NATIONAL CORPORATION,30361.0
942625117,391453055,VRAKAS SC,19080.0
942625117,680211255,ALERUS,7250.0
650367984,42647786,FIDELITY INVESTMENTS INSTITUTIONAL,1087.0
271144301,881100312,RPW SOLUTIONS LLC,48861.0
473297412,941737782,CHARLES SCHWAB & CO INC,1976.0
473297412,330818667,SAGEVIEW ADVISORY GROUP LLC,62500.0
473297412,43523567,NATIONAL FINANCIAL SERVICES,0.0
473297412,133689044,TRANSAMERICA RETIREMENT SOLUTIONS,101045.0
341406066,364291971,GALLAGHER FIDUCIARY ADVISORS LLC,7448.0
341406066,42647786,FIDELITY INVESTMENTS INSTITUTIONAL,2848.0
111992329,231315351,"THE BENECON GROUP, LLC",3222.0
111992329,230455154,CAPITAL BLUE CROSS,2856.0
111992329,261768616,CONNECTCARE 3,874.0
823865728,133036745,"ADP, INC.",69.0
832809084,42647786,FIDELITY INVESTMENTS INSTITUTIONAL,1255.0
205989542,522114207,NORTHWESTERN MUTUAL INVESTMENT SERV,0.0
205989542,420127290,PRINCIPAL LIFE INSURANCE COMPANY,1145.0
431862603,582522668,"ONEDIGITAL (CLJM, LLC. DBA HM BENEF",27880.0
842324416,352508919,GRAVIE ADMINISTRATIVE SERVICES LLC,5675.0
560928892,710294708,VOYA RETIREMENT INSURANCE & ANNUITY,3000.0
560928892,831143379,"RPA FINANCIAL, LLC",0.0
943340518,710294708,VOYA RETIREMENT INSURANCE & ANNUITY,20861.0
943340518,844519624,"CREATIVE PLANNING HOLD CO, LLC",0.0
822265990,420127290,PRINCIPAL LIFE INSURANCE COMPANY,5602.0
822265990,952755361,WILSHIRE ADVISORS LLC,0.0
464179199,821679944,ESOP FIDUCIARIES,24758.0
370661228,391995276,"UMR, INC",92120.0
370661228,261769761,"MEDONE, LC",20348.0
942537238,420127290,PRINCIPAL LIFE INSURANCE COMPANY,15138.0
942537238,364317381,MORNINGSTAR INVESTMENT MANAGEMENT L,0.0
942537238,592937883,RAYMOND JAMES FINANCIAL SERVICES,18433.0
870520406,231945930,"THE VANGUARD GROUP, INC.",782.0
870520406,231945930,"THE VANGUARD GROUP, INC.",2759.0
476438390,383269858,GURUPRASAD SRIHARI,2500.0
273225082,231669823,CONRAD SIEGEL,1014170.0
273225082,10726056,CONRAD SIEGEL INVESTMENT ADVISORS,228671.0
273225082,941737782,"CHARLES SCHWAB & CO., INC.",155271.0
273225082,446006315,AMERICAN CENTURY INVESTMENT INC,0.0
273225082,61194217,FIDELITY & RESEARCH COMPANY,0.0
273225082,300447847,DIMENSIONAL FUND ADVISORS LP,0.0
232610181,200878127,BROWN & BROWN (PA),24150.0
232610181,231315351,THE BENECON GROUP,20261.0
232610181,811938789,INNOVU,2053.0
822005387,133036745,"ADP, INC.",5687.0
822005387,223319984,ADP BROKER-DEALER,0.0
630942496,270711617,"AZALEA ADMINISTRATION, LLC",1537.0
30184742,390230590,CMFG LIFE INSURANCE COMPANY,83518.0
30184742,420388260,"MEMBERS CAPITAL ADVISORS, INC.",16562.0
341406066,222978848,BEDERSON LLP,60500.0
466654951,473302715,PACIFIC FEDERAL LLC,60000.0
466654951,952036255,MILLER KAPLAN ARASE LLP,22800.0
466654951,880359472,"MESA PACIFIC, LLC",13000.0
466654951,952956616,"BUSH GOTTLIEB, A LAW CORPORATION",10840.0
161490676,473992551,NORTH WOODS ASSET MANAGEMENT LLC,0.0
161490676,420127290,PRINCIPAL LIFE INSURANCE COMPANY,37671.0
710205415,135674085,"MERRILL LYNCH, PIERCE, FENNER AND S",85956.0
710205415,750786316,"WEAVER AND TIDWELL, LLP",21000.0
710205415,630589368,REGIONS,19480.0
340553950,331077887,PGIM QUANTITATIVE SOLUTIONS LLC,58143.0
340553950,341213174,USI CONSULTING GROUP,9450.0
822482495,10233346,JOHN HANCOCK,12207.0
822482495,465061538,TWELVE POINTS WEALTH MANAGEMENT LLC,11657.0
201632876,161124166,"PAYCHEX, INC.",11916.0
264086627,42647786,FIDELITY INVESTMENTS INSTITUTIONAL,0.0
30415090,133036745,"ADP, INC.",55.0
820962487,231945930,"THE VANGUARD GROUP, INC.",1430.0
201897663,231945930,"THE VANGUARD GROUP, INC.",1560.0
710653502,420127290,PRINCIPAL LIFE INSURANCE COMPANY,54433.0
710653502,364317381,MORNINGSTAR INVESTMENT MANAGEMENT L,0.0
710653502,952755361,WILSHIRE ADVISORS LLC,0.0
541527978,231315351,THE BENECON GROUP,42317.0
541527978,391995276,UMR,24673.0
541527978,542000731,SIMA BENEFITS CONSULTING GROUP,19800.0
942993379,455091060,CREATIVE PLANNING,55850.0
942993379,201301962,TPP RETIREMENT PLAN SPECIALISTS,11951.0
272493878,231315351,"THE BENECON GROUP, LLC",53775.0
272493878,233086396,"E. K. MCCONKEY & CO., INC.",20430.0
272493878,230455154,CAPITAL BLUECROSS,-16950.0
911879291,410746749,CLIFTONLARSONALLEN LLP,14964.0
473326478,133036745,"ADP, INC.",6733.0
251675849,231315351,THE BENECON GROUP,25026.0
251675849,233086396,"E. K. MCCONKEY & CO., INC.",7532.0
941369591,113665754,ASCENSUS LLC,27547.0
956101110,10233346,JOHN HANCOCK LIFE INSURANCE COMPANY,444.0
204046036,231315351,THE BENECON GROUP,191165.0
204046036,231294723,HIGHMARK INC,114659.0
113580024,131624203,TIAA,
832145136,42675571,COMMONWEALTH FIANCIAL SERVICES,20919.0
832145136,470098400,AMERITAS LIFE INSURANCE CORP,128.0
200423081,421479618,PRINCIPAL GLOBAL INVESTORS,12764.0
470899236,231315351,THE BENECON GROUP,68405.0
470899236,830185720,HUB (ID),25865.0
470899236,161264154,MERITAIN HEALTH,11729.0
232610181,231294723,HIGHMARK BLUE SHIELD (CENTRAL),-1750.0
520849036,351140070,LINCOLN NATIONAL CORPORATION,57343.0
520849036,863678481,MAP RETIREMENT USA LLC,1900.0
141442607,456062081,ALERUS,15082.0
141442607,208307105,BAM ADVISOR SERVICES LLC,13758.0
141442607,208307105,FOCUS PARTNERS ADVISOR SOLUTIONS,27779.0
520695019,351140070,LINCOLN NATIONAL CORPORATION,15478.0
520695019,364291971,ARTHUR J GALLAGHER & CO,9434.0
113367953,133646501,JOHN HANCOCK NEW YORK,148.0
751238018,742305238,"BOON CHAPMAN, LTD",44463.0
751238018,261870141,"BEVCAP MANAGEMENT, LLC",34496.0
751238018,760663719,BALDWIN GROUP,28281.0
751238018,66033492,AETNA-PPO,21116.0
751238018,261870141,BEVCAP HEALTH CAPTIVE - NC,12542.0
410417830,411852523,"DDMN ASO, LLC",2175.0
341663157,456062081,"ALERUS FINANCIAL, N.A.",32395.0
341663157,825501752,"ELLSWORTH ADVISORS, LLC",24712.0
341663157,541172176,SIKICH CPA LLC,13000.0
412038882,231315351,THE BENECON GROUP LLC,1581.0
134233377,420127290,PRINCIPAL LIFE INSURANCE COMPANY,23570.0
134233377,364317381,MORNINGSTAR INVESTMENT MANAGEMENT L,0.0
46622861,231980475,KREISCHER MILLER,54553.0
474749384,161264154,"MERITAIN HEALTH, AN AETNA COMPANY",259371.0
474749384,231315351,THE BENECON GROUP,205578.0
474749384,203354970,LOCKTON COMPANIES,22275.0
474749384,582522668,"ONEDIGITAL (CLJM, LLC. DBA HM BENEF",-100.0
386234363,132919773,GRAYSTONE CONSULTING (MSSB),382110.0
386234363,132919773,SMITH BARNEY CONSULTING,163001.0
386234363,382529039,FINKEL WHITEFIELD FELDMAN,146957.0
386234363,261370698,HORIZON ACTUARIAL SERVICES LLC,113050.0
386234363,943267050,MDT ADVISOR MGMT,94919.0
386234363,382771817,DAVID DUFFY CPA PLLC,45850.0
386234363,742798841,SAGE ASSET MGMT,33403.0
386234363,380864715,JP MORGAN,5136.0
381428364,382529039,FINKEL WHITEFIELD FELDMAN,148116.0
381428364,132919773,GRAYSTONE CONSULTING (MSSB),83454.0
381428364,382771817,DAVID DUFFY CPA PLLC,76739.0
381428364,133954297,BUCK CONSULTANTS,16480.0
381428364,380864715,JP MORGAN,8964.0
912056925,721273520,BEAM WEALTH ADVISORS,0.0
912056925,710294708,VOYA RETIREMENT INSURANCE & ANNUIT,0.0
362762678,42647786,FIDELITY INVESTMENTS INSTITUTIONAL,463.0
362762678,43046611,LPL FINANCIAL LLC,0.0
800324447,42647786,FIDELITY INVESTMENTS INSTITUTIONAL,219.0
800324447,42647786,FIDELITY INVESTMENTS INSTITUTIONAL,3588.0
582644728,231315351,THE BENECON GROUP,49347.0
582644728,823876893,HORTON BENEFITS COMPANY,30555.0
582644728,161264154,"MERITAIN HEALTH, AN AETNA COMPANY",6812.0
60726489,42647786,FIDELITY INVESTMENTS INSTITUTIONAL,4188.0
60726489,232384840,WELLS FARGO CLEARING SERVICES LLC,0.0
42510895,420127290,PRINCIPAL LIFE INSURANCE COMPANY,44935.0
42510895,42675571,COMMONWEALTH FINANCIAL NETWORK,0.0
931049977,840467907,EMPOWER ANNUITY INSURANCE COMPANY,20622.0
421206172,42647786,FIDELITY INVESTMENTS INSTITUTIONAL,17239.0
232351964,840467907,EMPOWER ANNUITY INS. CO. OF AMERICA,50.0
611756067,133036745,"ADP, INC.",367875.0
611756067,135674085,MERRILL LYNCH PIERCE FENNER & SMITH,0.0
611756067,223319984,ADP BROKER-DEALER,0.0
611756067,133036745,"ADP, INC.",154927.0
611756067,131639826,EISNER AMPER LLP,62100.0
611756067,135674085,MERRILL LYNCH PIERCE FENNER & SMITH,0.0
611756067,223319984,ADP BROKER-DEALER,0.0
611756067,133036745,"ADP, INC.",302665.0
611756067,135674085,MERRILL LYNCH PIERCE FENNER & SMITH,0.0
611756067,223319984,ADP BROKER-DEALER,0.0
271521006,42647786,FIDELITY INVESTMENTS INSTITUTIONAL,15862.0
271521006,43046611,LPL FINANCIAL LLC,0.0
456577522,273959113,HEALTH SAGE CONSULTING INC,12000.0
476430809,383269858,GURUPRASAD SRIHARI,10000.0
476430809,200488721,CYBERSOFT TECHNOLOGIES CORPORATION,1500.0
954049363,521309931,"T ROWE PRICE RPS, INC",42879.0
954049363,201054428,ACTUARIAL BENEFITS CORP.,0.0
954049363,752401150,AMERICAN BEACON FUNDS,0.0
954049363,593171014,EAGLEASSET,0.0
954049363,42647786,FIDELITY,0.0
954049363,954597302,METROPOLITAN WEST FUNDS,0.0
954049363,956817943,AMERICAN FUNDS,0.0
954049363,953692822,ALL SPRINGS GLOBAL FUNDS,0.0
476461822,476768364,ANTHONY L WOLFE,1200.0
462755706,461803145,"FORUSALL, INC.",6028.0
462755706,833455979,"AT RETIREMENT SERVICES, LLC",3352.0
271883111,420127290,PRINCIPAL LIFE INSURANCE COMPANY,520.0
456577522,273959113,HEALTH SAGE CONSULTING INC,12000.0
341406066,340445620,JAMES B OSWALD COMPANY,29395.0
42103585,260058143,"CAPFINANCIAL PARTNERS, LLC",8155.0
42103585,131624203,TIAA,803.0
760151437,752355889,INSURANCE MANAGEMENT SERVICES,58988.0
832124345,61053228,USI CONSULTING GROUP,12627.0
854270873,840467907,EMPOWER ANNUITY INSURANCE COMPANY,3143.0
113521426,42647786,FIDELITY INVESTMENTS INSTITUTIONAL,34861.0
113521426,334144829,COHNREZNUICK,9700.0
112156739,232504308,SIGNIFICA BENEFIT SERVICES,204385.0
112156739,200878127,BROWN & BROWN OF PENNSYLVANIA,26649.0
112156739,231667011,DELTA DENTAL OF PENNSYLVANIA,4784.0
520482550,753014089,BROWN ADVISORY LLC,43664.0
520482550,42647786,FIDELITY INVESTMENTS INSTITUTIONAL,-33034.0
476430809,383269858,GURUPRASAD SRIHARI,10000.0
476430809,200488721,CYBERSOFT TECHNOLOGIES CORPORATION,1500.0
260846505,952755361,WILSHIRE ADVISORS LLC,0.0
112434167,452355015,"OMADA COMPLETE, INC.",0.0
112434167,452355015,OMADA HEALTH INC,0.0
112434167,330883241,ACTIVE & FIT-AMERICAN SPECIALTY HEA,0.0
823615975,271207016,CORNERSTONE RETIREMENT PLAN ADMIN,1450.0
823615975,840467907,EMPOWER ANNUITY INSURANCE,0.0
260610707,911072394,HUNNEX AND SHOEMAKER INC,8400.0
710220904,561623293,MCGRIFF INSURANCE SERVICES,
710220904,710226428,BLUE ADVANTAGE ADMINISTRATORS OF AR,364093.0
860004538,222232264,AON CONSULTING,88191.0
860004538,366055558,GRANT THORNTON LLP,13650.0
870354727,421520346,PRINCIPAL,126875.0
870354727,461247632,"RASMUSON & COMPANY, PC",46207.0
870354727,363681493,GREATBANC TRUST COMPANY,26800.0
870354727,870628064,JDGLENN & ASSOCIATES,11800.0
541108079,840467907,EMPOWER ANNUITY INSURANCE CO. OF AM,24718.0
541108079,561762637,RETIREMENT PLAN SOLUTIONS,75.0
541108079,560614254,"DEFINITI, LLC",490.0
940382325,131624203,TIAA-TEACHERS INSUR & ANNUITY ASSOC,10314.0
470660406,931253576,STANCORP FINANCIAL GROUP,20890.0
470660406,421445429,CAMBRIDGE INVESTMENT RESEARCH,10493.0
264392825,350145825,AMERICAN UNITED LIFE INS CO,0.0
264392825,350145825,AMERICAN UNITED LIFE INS CO,0.0
264392825,931242462,NORTHWEST CAPITAL MNGMT,0.0
264392825,350145825,AMERICAN UNITED LIFE INS CO,0.0
264392825,931242462,NORTHWEST CAPITAL MNGMT,0.0
431613858,161662117,"MEDWATCH, LLC",5989.0
431613858,311418743,REFLECT HEALTH / CIGNA,7815.0
141881132,420127290,PRINCIPAL LIFE INSURANCE COMPANY,38703.0
141881132,351151034,LINCOLN FINANCIAL ADVISORS CORPORAT,0.0
141881132,952755361,WILSHIRE ASSOCIATES INCORPORATED,0.0
141881132,420127290,PRINCIPAL LIFE INSURANCE COMPANY,27942.0
141881132,351151034,LINCOLN FINANCIAL ADVISORS CORPORAT,0.0
141881132,952755361,WILSHIRE ADVISORS LLC,0.0
452653391,420127290,PRINCIPAL LIFE INSURANCE COMPANY,65600.0
452653391,132638166,UBS FINANCIAL SERVICES INC,0.0
452653391,364317381,MORNINGSTAR INVESTMENT MANAGEMENT L,0.0
814981134,231945930,"THE VANGUARD GROUP, INC.",255.0
273481484,273464475,GURUPRASAD SRIHARI,7500.0
520563938,420127290,PRINCIPAL LIFE INSURANCE COMPANY,13348.0
520563938,412016508,WEALTH ENHANCEMENT ADVISORY SERVICE,11980.0
222842846,231315351,THE BENECON GROUP,77266.0
222842846,233086396,"E. K. MCCONKEY & CO., INC.",29730.0
222842846,230455154,CAPITAL BLUECROSS,-24775.0
541926760,133036745,"ADP, INC.",14721.0
541926760,352552359,KESTRA ADVISORY SERVICES,9048.0
541145723,541019610,CST GROUP,27028.0
541145723,42647786,FIDELITY INVESTMENTS INSTITUTIONAL,1528.0
208938238,561449504,"HEALTHGRAM, INC",5110.0
208938238,300837157,"AP BENEFIT ADVISORS, LLC",3094.0
208938238,591031071,CIGNA CORPORATION,1450.0
264773205,133036745,"ADP, INC.",290.0
264773205,223319984,ADP BROKER-DEALER,0.0
561507131,364147777,DAVIS & CAMPBELL LLC,26565.0
561507131,134238973,TRANSITION FINANCE STRATEGIES,16365.0
561507131,134238973,TRANSITION FINANCE STRATEGIES,27927.0
561507131,570381582,"ELLIOTT DAVIS, PLLC",16000.0
264196387,951411037,CAPITAL RESEARCH MANAGEMENT COMPANY,0.0
205581516,113335620,GOVERNMENT SERVICE CONTRACTORS,14100.0
132922204,42647786,FIDELITY INVESTMENTS INSTITUTIONAL,23724.0
132922204,42654524,"STRATEGIC ADVISORS, INC.",7450.0
460440466,824555287,CAPITAL GROUP RETIREMENT PLAN SVCS,31450.0
330893794,314156830,NATIONWIDE INSURANCE,12058.0
560481994,620951563,AMERICAN TRUST COMPANY,6640.0
362235147,311592130,NATIONWIDE,22810.0
362235147,850833363,DEFINITI LLC,2525.0
362235147,135581829,METROPOLITAN LIFE INSURANCE COMPANY,30.0
843111227,314156830,NATIONWIDE,7869.0
843111227,760342548,ALLIANCE BENEFIT GROUP,3390.0
301103971,621291257,THE TRUST COMPANY OF TENNESSEE,27760.0
471097591,474474775,"GUIDELINE, INC.",11153.0
340778636,420127290,PRINCIPAL LIFE INSURANCE COMPANY,41745.0
340778636,341597728,"CLEARSTEAD ADVISORS,LLC",6180.0
260846505,420127290,PRINCIPAL LIFE INSURANCE COMPANY,5412.0
260846505,952755361,WILSHIRE ASSOCIATES INCORPORATED,0.0
562401998,420127290,PRINCIPAL LIFE INSURANCE COMPANY,16670.0
462436774,420127290,PRINCIPAL LIFE INSURANCE COMPANY,3406.0
462436774,113271022,"ASSOCIATED PENSION CONSULTANTS, INC",3240.0
431411668,591031071,CIGNA HEALTH AND LIFE INSURANCE COM,27451.0
522206266,208764829,,18006.0
522206266,42647786,FIDELITY INVESTMENTS INSTITUTIONAL,14359.0
522206266,42654524,"STRATEGIC ADVISORS, INC.",7446.0
470770315,314156830,NATIONWIDE,59.0
222472997,42530412,"THE ANGELL PENSION GROUP, INC.",234302.0
222472997,41782600,ROCKLAND TRUST COMPANY,19878.0
222472997,135160382,BANK OF NEW YORK MELLON,8207.0
222472997,363664388,UBS GLOBAL ASSET MANAGEMENT,3674.0
591173286,710294708,VOYA RETIREMENT INSURANCE & ANNUITY,475.0
823563982,301413443,BAKER TILLY,82091.0
823563982,42647786,FIDELITY INVESTMENTS INSTITUTIONAL,63438.0
823563982,42654524,"STRATEGIC ADVISORS, INC.",24039.0
823563982,271746834,"PLEXUS FINANCIAL SERVICES, LLC",10000.0
263166327,231945930,"THE VANGUARD GROUP, INC.",52363.0
510342132,845125577,"FAIRMONT BENEFITS, INC.",8820.0
510342132,231315351,"THE BENECON GROUP, LLC",5919.0
510342132,510020405,HIGHMARK OF DE,3148.0
510342132,231294723,HIGHMARK BLUE SHIELD (CENTRAL),-1297.0
680661238,420127290,PRINCIPAL LIFE INSURANCE COMPANY,50.0
473599330,473558396,EXENCIAL WEALTH ADVISORS LLC,52780.0
473599330,42647786,FIDELITY INVESTMENTS INSTITUTIONAL,46676.0
630696876,630103830,BLUE CROSS AND BLUE SHIELD OF AL,10701.0
112593090,363120284,GENWORTH FINANCIAL SEC CORP,0.0
112593090,840467907,EMPOWER LIFE & ANNUITY INSURANCE,31608.0
112593090,840467907,GREAT-WEST LIFE & ANNUITY INSURANCE,15838.0
112593090,862963468,ECONOMIC GROUP PENSION SVCS INC,8977.0
112593090,862963468,ECONOMIC GROUP PENSION SVCS INC,3420.0
260846505,420127290,PRINCIPAL LIFE INSURANCE COMPANY,12054.0
451273930,952755361,WILSHIRE ASSOCIATES INCORPORATED,0.0
451273930,453004703,"PEACHCAP TAX & ADVISORY, LLC",17376.0
451273930,420127290,PRINCIPAL LIFE INSURANCE COMPANY,43784.0
451273930,420127290,PRINCIPAL LIFE INSURANCE COMPANY,71251.0
451273930,61397347,"USI ADVISORS, INC.",27462.0
451273930,952755361,"WILSHIRE ADVISORS, LLC",0.0
933826244,710764688,RELYANCE BANK,35787.0
650540100,42647786,FIDELITY INVESTMENTS INSTITUTIONAL,38893.0
650540100,342472558,SPC,26697.0
650540100,821434504,ONEDIGITAL INVESTMENT ADVISORS LLC,19745.0
431613858,831322110,"EMERGING THERAPY SOLUTIONS, INC.",13000.0
431613858,431364135,"HEALTHLINK, INC.",13544.0
431613858,133068979,"MULTIPLAN, INC",18892.0
431613858,464488538,"DREXI, INC",26456.0
431613858,814888426,PACE UNDERWRITERS,337241.0
431613858,431210557,ARNOLD INSURANCE COMPANY,44040.0
431613858,431770779,"GROUP BENEFIT SERVICES, INC.",16868.0
431613858,431770779,"GROUP BENEFIT SERVICES, INC.",98664.0
260610707,420127290,PRINCIPAL LIFE INSURANCE COMPANY,13324.0
205404353,231315351,THE BENECON GROUP,67485.0
205404353,263554645,ACRISURE LLC (HEAD CAPITAL ADVISORS,34790.0
205404353,161264154,"MERITAIN HEALTH, AN AETNA COMPANY",8092.0
831254672,42675571,COMMONWEALTH FINANCIAL NETWORK,60091.0
831254672,42647786,FIDELITY INVESTMENTS INSTITUTIONAL,22627.0
208066203,42647786,FIDELITY INVESTMENTS INSTITUTIONAL,1627.0
821700385,113665754,ASCENSUS LLC,839.0
237404857,231315351,THE BENECON GROUP,78482.0
237404857,251301205,LR WEBBER,30594.0
237404857,261768616,CONNECTCARE3,7116.0
237404857,231294723,"HIGHMARK, INC.",-20948.0
42263917,391995276,"UMR, INC.",47878.0
221296609,420127290,PRINCIPAL LIFE INSURANCE COMPANY,157409.0
221296609,352552359,"KESTRA ADVISORY SERVICES, LLC",0.0
221296609,421479618,PRINCIPAL GLOBAL INVESTORS LLC,0.0
361004130,221211670,PRUDENTIAL INSURANCE COMPANY,11591887.0
361004130,364391310,BSWIFT LLC,761346.0
361004130,221211670,PRUDENTIAL INSUARNCE CO.,204703.0
361004130,610736136,MERCER INVESTMENT CONSULTING,202513.0
361004130,221211670,PRUDENTAL INSURANCE CO.,185782.0
361004130,361561860,NORTHERN TRUST COMPANY,58154.0
361004130,390859910,"BAKER TILLY US, LLP",40760.0
361004130,132834414,MERCER,13601.0
361004130,135381590,BDO SEIDMAN LLP,8880.0
874170846,231315351,THE BENECON GROUP,20826.0
874170846,161264154,"MERITAIN HEALTH, AN AETNA COMPANY",3798.0
43287088,341542819,"WELLS FARGO CLEARING SERVICES, LLC",0.0
943270968,942456320,ASSOCIATED PENSION CONSULTANTS,20346.0
943270968,840467907,EMPOWER ANNUITY INS CO OF AMERICA,37004.0
530204701,844758315,HUB INVESTMENT PARTNERS,24682.0
530204701,42675571,COMMONWEATLH FINANCIAL NETWORK,6250.0
530204701,131624203,TIAA,225.0
203198788,113665754,"ASCENSUS, LLC",22815.0
203198788,135674085,MERRILL LYNCH RETIREMENT BENEFIT SV,15037.0
264833015,133036745,"ADP, INC.",74629.0
880099795,582522668,ONEDIGITAL (DILLON HEALTH),9317.0
880099795,231315351,THE BENECON GROUP,5283.0
880099795,161264154,"MERITAIN HEALTH, AN AETNA COMPANY",2919.0
264656792,42647786,FIDELITY INVESTMENTS INSTITUTIONAL,0.0
850615121,750786316,WEAVER AND TIDWELL LLP,42000.0
850615121,42647786,FIDELITY INVESTMENTS INSTITUTIONAL,19729.0
850615121,132638166,UBS FINANCIAL SERVICES,12324.0
231695009,231315351,THE BENECON GROUP,1740.0
231695009,230455154,CAPITAL BLUECROSS,667.0
231695009,232962885,"WEBB INSURANCE, INC.",575.0
911858530,854122522,WEALTH PLAN INVESTMENT MGT LLC,27546.0
911858530,10233346,JOHN HANCOCK LIFE INSURANCE COMPANY,4094.0
941732792,133689044,TRANSAMERICA RETIREMENT SOLUTIONS,15894.0
941732792,841612955,INNOVEST PORTFOLIO SOLUTIONS LLC,8000.0
941732792,43499945,CARON & BLETZER PLLC,12750.0
271883111,420127290,PRINCIPAL LIFE INSURANCE COMPANY,520.0
161535313,133036745,"ADP, INC.",12821.0
161535313,352552359,KESTRA ADVISORY SERVICES,6373.0
161535313,133036745,"ADP, INC.",13979.0
161535313,352552359,KESTRA ADVISORY SERVICES,7228.0
161535313,133036745,"ADP, INC.",14974.0
161535313,352552359,KESTRA ADVISORY SERVICES,7114.0
141681699,134238973,"TRANSITION FINANCE STRATEGIES, LLC",20155.0
141681699,141604297,"RBT CPAS, LLP",12561.0
231539454,231315351,THE BENECON GROUP,45604.0
231539454,331028341,"PATRIOT (POWER-KUNKLE GROUP, INC.)",13685.0
231539454,231294723,HIGHMARK BLUE SHIELD (CENTRAL),-15356.0
270093845,730384245,OSMA,101761.0
270093845,270367008,"KEYSTONE INSURERS GROUP, INC.",73024.0
270093845,610600467,AL TORSTRICK INSURANCE AGENCY,59443.0
270093845,815191759,FOUNDATION RISK PARTNERS,57105.0
270093845,610246800,KENTUCKY MEDICAL ASSOCIATION,50069.0
270093845,610607472,"CHAS M MOORE INSURANCE AGENCY, INC.",41983.0
270093845,842047961,ADVOCATE BUSINESS INSURANCE SOLUTIO,41847.0
270093845,910189318,MOSS ADAMS LLP,40523.0
270093845,471673715,CIS INSURANCE AND INVESTMENTS,33951.0
270093845,820557866,"NFP CORPORATE SERVICES (OK), LLC",31334.0
270093845,922480517,HOOPER CONSULTING GROUP,27453.0
270093845,833288732,JOHNSON POHLMANN INSURANCE,23744.0
270093845,730781676,MCAFEE & TAFT,22769.0
270093845,593554482,WAKELY CONSULTING GROUP,16565.0
270093845,203974530,OVATION HEALTH & LIFE SERVICES,8577.0
541557243,941347393,"WELLS FARGO BANK, N.A.",64000.0
541557243,941347393,"WELLS FARGO BANK, N.A.",38913.0
231729679,231945930,"THE VANGUARD GROUP, INC.",7294.0
200793410,431420563,EXPRESS SCRIPTS INC.,94734.0
200793410,420959302,DELTA DENTAL,61952.0
200793410,61593514,WEX HEALTH INC.,23160.0
200793410,61227840,VISION SERVICE PLAN,18766.0
842795435,420127290,PRINCIPAL LIFE INSURANCE COMPANY,11802.0
842795435,760560371,RILEY AND COMPANY PLLC,18000.0
844034514,231315351,THE BENECON GROUP LLC,142072.0
844034514,161264154,MERITAIN HEALTH,85172.0
844034514,232184623,INDEPENDENCE ADMINISTRATORS,60027.0
844034514,231315351,THE BENECON GROUP,25537.0
844034514,261768616,"CONNECTCARE3, LLC",7211.0
844034514,232184623,INDEPENDENCE ADMINISTRATORS,39363.0
844034514,231315351,THE BENECON GROUP,18330.0
844034514,261768616,"CONNECTCARE3, LLC",6365.0
452991628,650608221,SLAVIC INTEGRATED ADMINISTRATION,16250.0
452991628,823329197,GOODWORTH WEALTH MANAGEMENT,7000.0
550917836,42647786,FIDELITY INVESTMENTS INSTITUTIONAL,9280.0
550917836,833983879,DSR CPA AND CONSULTANTS LLC,0.0
430902269,231315351,THE BENECON GROUP,41488.0
364742361,471411118,GLOBAL RETIREMENT PARTNERS,0.0
364742361,813989034,M2B RETIREMENT CONSUL LLC,9005.0
951879075,611758632,"PENSIONMARK FINANCIAL GROUP, LLC",11064.0
951879075,611758632,"PENSIONMARK FINANCIAL GROUP, LLC",11064.0
951879075,133036745,"ADP, INC.",8702.0
951879075,133036745,"ADP, INC.",8702.0
951879075,223319984,ADP BROKER-DEALER,0.0
951879075,223319984,ADP BROKER-DEALER,0.0
953077405,420127290,PRINCIPAL LIFE INSURANCE COMPANY,198.0
953077405,341542819,WELLS FARGO ADVISORS FINANCIAL NETW,0.0
953077405,952755361,WILSHIRE ADVISORS LLC,0.0
431298245,161450952,EPIC RETIREMENT PLAN SERVICES,33029.0
431298245,201903821,MONETA GROUP LLC,29350.0
431298245,941737782,"CHARLES SCHWAB & CO., INC.",0.0
510501454,237384555,BLUE CROSS BLUE SHIELD OF LA,26636.0
541639685,592937883,RAYMOND JAMES FSA INC,29818.0
60465530,61053228,USI CONSULTING GROUP,118740.0
60465530,753182674,BROADRIDGE,76067.0
60465530,66033492,AETNA LIFE INSURANCE COMPANY,32245.0
20777615,161124166,"PAYCHEX, INC.",11806.0
811753373,421484983,"ADMIN GROUP, LLC DBA TAG RESOURCES",619.0
811753373,366071399,TRANSAMERICA FINANCIAL LIFE INS CO,529.0
352121147,231315351,THE BENECON GROUP,134892.0
146075575,133689044,TRANSAMERICA RETIREMENT SOLUTIONS,9513.0
146075575,43523567,NATIONAL FINANCIAL SERVICES,0.0
146075575,161131146,BONADIO & CO. LLP,31000.0
272037969,953706234,PLANMEMBER FINANCIAL CORPORATION,17574.0
640415733,141918990,TEMPLETON & COMPANY LLP,17418.0
640415733,201181458,NOVA 401(K) ASSOCIATES LP,7761.0
640415733,366071399,TRANSAMERICA LIFE INSURANCE COMPANY,30132.0
640415733,831488684,MAGNOLIA CAPITAL ADVISORS LLC,8134.0
208538333,420127290,PRINCIPAL LIFE INSURANCE COMPANY,26403.0
208538333,952755361,WILSHIRE ADVISORS LLC,0.0
346685472,341337680,NORTHWESTERN OHIO ADMINISTRATORS IN,14889.0
346685472,344439491,SHUMAKER LOOP & KENDRICK LLP,12556.0
346685472,593676225,"MARINER INSTITUTIONAL, LLC",10000.0
346685472,910675641,MILLIMAN INC,6704.0
390494170,522383166,HEALTHEQUITY INC,5852.0
823050051,161124166,"PAYCHEX, INC.",505.0
943339062,161486352,PAYCHEX SECURITIES CORP.,28038.0
943339062,10233346,JOHN HANCOCK LIFE INS. CO.,15264.0
830376638,231315351,THE BENECON GROUP,40641.0
830376638,233086396,"E. K. MCCONKEY & CO., INC.",12300.0
822701953,133036745,"ADP, INC.",5876.0
421105676,420127290,PRINCIPAL LIFE INSURANCE COMPANY,28604.0
421105676,420941553,PRINCIPAL SECURITIES INC,0.0
421105676,952755361,WILSHIRE ADVISORS LLC,0.0
300284495,341542819,WELLS FARGO CLEARING SVCS (WF ADVS),20474.0
300284495,640936231,DYATECH LLC,1121.0
300284495,420127290,PRINCIPAL LIFE INSURANCE COMPANY,4953.0
300284495,952755361,WILSHIRE ASSOCIATES INCORPORATED,0.0
300284495,341542819,WELLS FARGO CLEARING SVCS (WF ADVS),17483.0
300284495,640936231,DYATECH LLC,847.0
300284495,420127290,PRINCIPAL LIFE INSURANCE COMPANY,4087.0
300284495,952755361,WILSHIRE ASSOCIATES INCORPORATED,0.0
300284495,341542819,WELLS FARGO CLEARING SVCS (WF ADVS),5212.0
300284495,640936231,DYATECH LLC,500.0
300284495,420127290,PRINCIPAL LIFE INSURANCE COMPANY,1802.0
300284495,952755361,WILSHIRE ASSOCIATES INCORPORATED,0.0
311581466,311440043,"EVERHART FINANCIAL GROUP, INC",22301.0
311581466,133036745,"ADP, INC.",17113.0
431828281,582522668,"ONEDIGITAL (CLJM, LLC. DBA HM BENEF",21240.0
231311874,376572947,NEWPORT CAPITAL GROUP,50432.0
231311874,232413864,FIDUCIARY TRUST INTERNATIONAL,24681.0
231311874,42654524,STRATEGIC ADVISORS,17727.0
231311874,232329854,THE HAVERFORD TRUST COMPANY,7684.0
231311874,42647786,FIDELITY INVESTMENTS INS. OPER. CO.,-48091.0
240795620,710294708,VOYA LIFE INSURANCE & ANNUITY CO.,0.0
472150172,420127290,PRINCIPAL LIFE INSURANCE COMPANY,13278.0
472150172,364317381,MORNINGSTAR INVESTMENT MANAGEMENT L,0.0
223843134,381543746,E PLAN SERVICES,5775.0
561216391,420714325,RSM US LLP,12139.0
561216391,42647786,FIDELITY INVESTMENTS INSTITUTIONAL,3670.0
831090940,300041952,HRC TOTAL SOLUTIONS TAX,266551.0
831090940,271502067,BLUE BENEFIT ADMINISTRATORS OF MASS,12233.0
831090940,300041952,HRC TOTAL SOLUTIONS TAX,227428.0
831090940,271502067,BLUE BENEFIT ADMINISTRATORS OF MASS,11200.0
370699952,350145825,AMERICAN UNITED LIFE INSURANCE CO,615.0
660588600,41590850,MASSACHUSETTS MUTUAL,216152.0
860436017,133689044,TRANSAMERICA RETIREMENT SOLUTIONS,3855.0
473768464,42647786,FIDELITY INVESTMENTS INSTITUTIONAL,2915.0
464075013,113665754,ASCENSUS LLC,9968.0
273574174,113401702,INTAC,24615.0
200108244,591031071,CIGNA HEALTH & LIFE INS CO,77197.0
200108244,591031071,CIGNA HEALTH & LIFE INS CO,87819.0
200108244,591031071,CIGNA HEALTH & LIFE INS CO,91015.0
200108244,591031071,CIGNA HEALTH & LIFE INS CO,93848.0
200108244,591031071,CIGNA HEALTH & LIFE INS CO,108519.0
200108244,591031071,CIGNA HEALTH & LIFE INS CO,158544.0
260328929,752355889,INSURANCE MANAGEMENT SERVICES,49946.0
822551854,620951563,AMERICAN TRUST COMPANY,9512.0
822551854,410746749,CLIFTONLARSONALLEN WEALTH ADVISORS,7148.0
822551854,863678481,MAP RETIREMENT USA LLC,400.0
452874131,161124166,"PAYCHEX, INC.",7057.0
204707579,231945930,"THE VANGUARD GROUP, INC.",41220.0
204707579,232748550,VALLEY FORGE INVESTMENT CONSULTANTS,0.0
204707579,231468619,VALLEY FORGE PENSION MANAGEMENT,0.0
204707579,113665754,ASCENSUS LLC,0.0
270061167,420127290,PRINCIPAL LIFE INSURANCE COMPANY,5823.0
204755074,611013183,"HUMANA HEALTH PLAN, INC.",141184.0
390362010,840467907,EMPOWER INSURANCE COMPANY OF AMERIC,45307.0
390362010,410955056,TSC 401K,10925.0
232290246,231945930,"THE VANGUARD GROUP, INC.",5673.0
453506561,420127290,PRINCIPAL LIFE INSURANCE COMPANY,119732.0
453506561,420127290,PRINCIPAL LIFE INSURANCE COMPANY,160566.0
742998462,350145825,AMERICAN UNITED LIFE INSURANCE CO,0.0
540499731,943112180,BLACKROCK INSTITUTIONAL TRUST CO.,0.0
540499731,941687665,"BANK OF AMERICA, N.A.",17233.0
540499731,591086117,"FIS BUSINESS SYSTEMS, LLC",24375.0
455586030,42647786,FIDELITY INVESTMENTS INSTITUTIONAL,46188.0
455586030,431947695,CBIZ CPAS P.C.,21525.0
410754368,410746749,CLIFTONLARSON ALLEN,5093.0
455586030,821589061,OAKSTREET WEALTH MANAGEMENT,8233.0
860950184,824555287,CAPITAL GROUP RETIREMENT PLAN SVCS,310.0
471923111,421484983,"ADMIN. GROUP, LLC DBA TAG RESOURCES",3261.0
471923111,390989781,TRANSAMERICA LIFE INSURANCE CO,2208.0
752372684,134255527,"CALVETTI FERGUSON, LLC",14584.0
752372684,42647786,FIDELITY INVESTMENTS INSTITUTIONAL,8661.0
351597954,133036745,"ADP, INC.",6729.0
472817157,521309931,"T. ROWE PRICE RPS, INC.",27860.0
472817157,951411037,AMERICAN FUNDS,0.0
472817157,954470812,DIMENSIONAL FUNDS,0.0
472817157,223703799,PRUDENTIAL JENNISON,0.0
472817157,42747644,MFS FUNDS,0.0
472817157,42647786,FIDELITY,0.0
472817157,132624428,JP MORGAN FUNDS,0.0
472817157,133731507,LORD ABBETT,0.0
472817157,46171663,BLACKROCK FUNDS,0.0
472817157,364488942,PUTNAM MUTUAL FUNDS,0.0
920114113,752355889,INSURANCE MANAGEMENT SERVICES,47742.0
920114113,850599589,"SGL PARTNERS, LLC",45780.0
920114113,43705970,TELADOC DIRECT,8643.0
920154693,742715820,JULY BUSINESS SERVICES,27212.0
750972825,752355889,INSURANCE MANAGEMENT SERVICES,560212.0
750972825,311368946,"AMERICAN HEALTH HOLDING, INC.",74095.0
750972825,273463867,PCM RX MANAGEMENT,20138.0
203160292,135674085,MERRILL LYNCH,7500.0
203160292,42647786,FIDELITY INVESTMENTS INSTITUTIONAL,1100.0
471097591,474474775,"GUIDELINE, LLC",15025.0
630961496,630103830,BLUE CROSS BLUE SHIELD OF ALABAMA,244851.0
363051915,346565596,ERNST AND YOUNG US LLP,33851.0
363051915,361561860,THE NORTHERN TRUST COMPANY,8008.0
363051915,346565596,ERNST AND YOUNG US LLP,33853.0
363051915,361561860,THE NORTHERN TRUST COMPANY,6007.0
320464445,133036745,"ADP, INC.",16262.0
831334174,231945930,"THE VANGUARD GROUP, INC.",2355.0
42726691,260058143,CAPTRUST FINANCIAL ADVISORS,25526.0
42726691,42647786,FIDELITY INVESTMENTS INSTITUTIONAL,6294.0
42726691,42654524,"STRATEGIC ADVISORS, INC.",5078.0
814170527,231945930,"THE VANGUARD GROUP, INC.",10483.0
850247111,752355889,"IMS MARKETING, INC.",29842.0
850247111,364297197,"GALLAGHER BENEFIT SERVICES, INC",35040.0
420885471,472112548,THE ACCEL GROUP,19776.0
420885471,161450952,EPIC RETIREMENT PLAN SERVICES,19173.0
420885471,941737782,"CHARLES SCHWAB & CO., INC.",0.0
111992329,231315351,"THE BENECON GROUP, LLC",14931.0
111992329,261768616,CONNECTCARE 3,3583.0
111992329,230455154,CAPITAL BLUE CROSS,-4287.0
471797746,366071399,TRANSAMERICA FINANCIAL LIFE INSURAN,85135.0
471797746,431270780,CREATIVE PLANNING LLC,6901.0
471797746,113544517,THE ROSENBAUM LAW FIRM P.C.,4141.0
471797746,592265857,"EJ REYNOLDS, INC.",1976.0
752770316,521309931,"T. ROWE PRICE RPS, INC.",16868.0
20329382,41590850,MASS MUTUAL LIFE INSURANCE COMPANY,81164.0
20329382,203917294,GRANITE FINANCIAL PARTNERS,30237.0
20329382,43027605,SAMET & COMPANY,10044.0
20329382,811939215,"COMPASS 360, LLC",8824.0
20329382,204795685,COMPASS RETIREMENT CONSULTING GROUP,0.0
20329382,811939215,"COMPASS 360, LLC",878.0
20329382,41590850,MASS MUTUAL,1.0
20329382,840592523,JANUS HENDERSON,0.0
20329382,431567889,AMERICAN CENTURY,0.0
20329382,133352347,PGIM INVESTMENTS,0.0
20329382,231945930,VANGUARD,0.0
20329382,231999755,VANGUARD,0.0
20329382,133731507,LORD ABBETT,0.0
20329382,941687665,COLUMBIA,0.0
20329382,231899003,VANGUARD,0.0
20329382,952632339,PIMCO FUNDS,0.0
20329382,42528977,JOHN HANCOCK,0.0
20329382,951411037,AMERICAN FUNDS,0.0
20329382,363129984,DIMENSIONAL FUND ADVISORS,0.0
20329382,43365630,FIDELITY INVESTMENTS,0.0
20329382,43365630,FIDELITY INVESTMENTS,0.0
20329382,840467907,GREAT WEST LIFE & ANNUITY INSURANCE,0.0
811466836,10233346,JOHN HANCOCK LIFE INSURANCE COMPANY,642.0
20329382,203917294,GRANITE FINANCIAL PARTNERS,91671.0
20329382,41590850,EMPOWER ANNUITY INS CO OF AMERICA,21504.0
853324939,42647786,FIDELITY INVESTMENTS INSTITUTIONAL,7469.0
205094703,132700161,VICTORY CAPITAL MANAGEMENT INC.,143497.0
205094703,231707341,"SEI GLOBAL SERVICES, INC.",46490.0
205094703,365132517,"COHEN & COMPANY, LTD.",29000.0
274666060,650608221,SLAVIC INTEGRATED ADMINISTRATION,15239.0
274666060,650608221,SLAVIC INTEGRATED ADMINISTRATION,26808.0
274666060,650608221,SLAVIC INTEGRATED ADMINISTRATION,32255.0
42869823,471411118,GLOBAL RETIREMENT PARTNERS LLC,0.0
20377419,42647786,FIDELITY INVESTMENTS INSTITUTIONAL,525.0
20377419,264310632,MORGAN STANLEY SMITH BARNEY,0.0
911006438,912090931,NWPS,57594.0
911006438,910189318,"MOSS ADAMS, LLP",50400.0
911006438,411416330,RBC WEALTH MANAGEMENT,29250.0
911006438,753182674,MATRIX TRUST COMPANY,17264.0
911006438,911749975,EISENHOWER CARLSON PLLC,5656.0
60646829,364001764,"FIDUCIENT ADVISORS, LLC",10823.0
742995593,364291971,GALLAGHER FIDUCIARY ADVISORS LLC,19309.0
742995593,42647786,FIDELITY INVESTMENTS INSTITUTIONAL,6506.0
362989662,420127290,PRINCIPAL LIFE INSURANCE COMPANY,95252.0
362989662,133180631,COLUMBIA MANAGEMENT,39735.0
362989662,844519624,CREATIVE PLANNING,35000.0
362989662,431807084,"CREATIVE PLANNING, INC",6450.0
471811024,113665754,ASCENSUS LLC,6376.0
821512790,113665754,ASCENSUS LLC,9128.0
872007795,42647786,FID INV INST OPS CO,1716.0
872007795,660561870,BANCO POPULAR DE PUERTO RICO,1556.0
872007795,42654524,STRATEGIC ADVISORS,132.0
872007795,364001764,FIDUCIENT ADVISORS LLC,113.0
43028678,41782600,ROCKLAND TRUST GROUP,5142.0
43028678,42530412,"THE ANGELL PENSION GROUP, INC",1918.0
463850594,314156830,NATIONWIDE LIFE INSURANCE COMPANY,58828.0
463850594,421645441,"AILSA CAPITAL, INC.",19713.0
463850594,203886993,"NATIONAL BENEFIT SERVICES, LLC",13749.0
232971010,231315351,THE BENECON GROUP,13484.0
232971010,510467698,"BSI CORPORATE BENEFITS, LLC",9081.0
232971010,811938789,INNOVU,646.0
232971010,230455154,CAPITAL BLUECROSS,-3336.0
952976080,420127290,PRINCIPAL LIFE INSURANCE COMPANY,3944.0
952976080,471411118,GLOBAL RETIREMENT PARTNERS LLC,0.0
942576059,521396995,CBIZ FINANCIAL SOLUTIONS,5257.0
942576059,314177100,NATIONWIDE,1053.0
262893562,161124166,"PAYCHEX, INC.",2747.0
262893562,161124166,"PAYCHEX, INC.",2095.0
262893562,161124166,"PAYCHEX, INC.",8141.0
262893562,161124166,"PAYCHEX, INC.",20182.0
262893562,161124166,"PAYCHEX, INC.",11816.0
262893562,161124166,"PAYCHEX, INC.",
320539100,42647786,FIDELITY INVESTMENTS INSTITUTIONAL,4663.0
231744831,231294723,HIGHMARK,24355.0
231744831,232385085,MCCONKEY BENEFITS & FINANCIAL SERVI,17768.0
231744831,231315351,THE BENECON GROUP,4042.0
231744831,232385085,MCCONKEY BENEFITS & FINANCIAL SERVI,26747.0
231744831,230455154,CAPITAL BLUE CROSS,24139.0
231744831,231315351,THE BENECON GROUP,4723.0
231744831,232385085,MCCONKEY BENEFITS & FINANCIAL SERVI,28260.0
231744831,230455154,CAPITAL BLUE CROSS,6209.0
231744831,231315351,THE BENECON GROUP,3720.0
203880413,420127290,PRINCIPAL LIFE INSURANCE COMPANY,48832.0
440663509,42647786,FIDELITY INVESTMENTS INSTITUTIONAL,47623.0
440663509,42654524,"STRATEGIC ADVISORS, INC.",20326.0
440663509,411416330,RBC WEALTH MANAGEMENT,6500.0
562537962,743193386,CORNERSTONE ADVISORY LLP,14380.0
562537962,42647786,FIDELITY INVESTMENTS INSTITUTIONAL,260.0
854372477,133036745,"ADP, INC.",900.0
232453088,341479833,"SCHWAB RETIREMENT PLAN SERVICES,INC",387954.0
232453088,840467907,EMPOWER ANNUITY INSURANCE COMPANY,153031.0
232453088,232415973,HERBEIN & CO INC,32000.0
232453088,341820650,"QDRO CONSULTANTS COMPANY, LLC",1800.0
461167350,474307706,HUMAN INTEREST ADVISOR LLC,15884.0
824225588,135570651,EQUITABLE LIFE INSURANCE COMPANY,11627.0
813040678,420127290,PRINCIPAL LIFE INSURANCE COMPANY,100.0
832783957,135674085,MERRILL LYNCH PIERCE FENNER & SMITH,6019.0
832783957,420127290,PRINCIPAL LIFE INSURANCE COMPANY,3151.0
832783957,455608425,STONE HILL FIDUCIARY MANAGEMENT LLC,5999.0
832783957,112778625,BLATT & DAUMAN LLP,10000.0
832783957,420127290,PRINCIPAL LIFE INSURANCE COMPANY,2339.0
840467208,910675641,"MILLIMAN, INC.",2743.0
463235190,133036745,"ADP, INC.",1440.0
990113530,42647786,FIDELITY INVESTMENTS INSTITUTIONAL,25590.0
990113530,43046611,LPL FINANCIAL,9593.0
274300000,273959113,HEALTH SAGE CONSULTING INC,12000.0
274300000,273959113,HEALTH SAGE CONSULTING INC,12000.0
611145339,420127290,PRINCIPAL LIFE INSURANCE COMPANY,7047.0
611145339,430345811,EDWARD JONES,0.0
611145339,952755361,WILSHIRE ADVISORS LLC,0.0
611145339,420127290,PRINCIPAL LIFE INSURANCE COMPANY,6566.0
611145339,430345811,EDWARD JONES,0.0
611145339,952755361,WILSHIRE ASSOCIATES INCORPORATED,0.0
274034515,221146430,"PNC BANK, NATIONAL ASSOCIATION",19381.0
274034515,364291971,"GALLAGHER BENEFIT SERVICES, INC.",5625.0
274034515,221146430,PNC BANK NATIONAL ASSOCIATION,10669.0
274034515,364291971,"GALLAGHER BENEFIT SERVICES, INC.",5625.0
263271894,272037969,"NEWPORT GROUP, INC.",30598.0
20681934,113639254,VANDERBILT SECURITIES LLC,23330.0
20681934,42647786,FIDELITY INVESTMENTS INSTITUTIONAL,2662.0
800004006,132624428,JPMORGAN INVEST HOLDINGS LLC,330.0
20482717,352552359,KESTRA INVESTMENT SERVICES LLC,16500.0
20482717,42647786,FIDELITY INVESTMENTS INSTITUTIONAL,15390.0
592087222,396040276,SENTRY LIFE INSURANCE COMPANY,2824.0
853070386,420127290,PRINCIPAL LIFE INSURANCE COMPANY,12909.0
853070386,711039549,"JANET A. PANEBIANCO, CPA, PLLC",11798.0
362495346,364317381,MORNINGSTAR INVESTMENT MANAGEMENT L,0.0
460406130,133036745,"ADP, INC.",16217.0
460406130,223319984,ADP BROKER-DEALER,0.0
810560289,10233346,JOHN HANCOCK LIFE INSURANCE COMPANY,11871.0
810560289,135674085,MERRILL LYNCH,7351.0
362495346,591237041,RAYMOND JAMES & ASSOCIATES INC,4981.0
743257322,133036745,"ADP, INC.",5609.0
743257322,223319984,ADP BROKER-DEALER,0.0
616614496,911619527,"CAPITAL BENEFIT SERVICES, LLC",97880.0
470390618,113665754,ASCENSUS LLC,31253.0
616614496,911947441,"EPK & ASSOCIATES, INC.",62338.0
616614496,911619527,"CAPITAL BENEFIT SERVICES, LLC",50820.0
112845313,42647786,FIDELITY INVESTMENTS INSTITUTIONAL,-48894.0
991972777,42647786,FIDELITY INVESTMENTS INSTITUTIONAL,432.0
752694563,132638166,UBS FINANCIAL SERVICES INC,68881.0
752694563,42647786,FIDELITY INVESTMENTS INSTITUTIONAL,32512.0
331097329,542011471,BROWN & BROWN (VA),32000.0
331097329,231315351,THE BENECON GROUP,19323.0
331097329,391995276,UMR,19173.0
331097329,261768616,CONNECTCARE3,4982.0
465766063,752355889,INSURANCE MANAGEMENT SERVICES,117227.0
237015826,591031071,CIGNA HEALTH AND LIFE INSURANCE COM,5571.0
260455770,911072394,"HUNNEX AND SHOEMAKER, INC.",0.0
260455770,710294708,VOYA RETIREMENT INSURANCE,567.0
